,Unnamed: 0,Date,DayLosersTi,Day Losers Name,Price,Change,%Change,MC,SharesBought
0,0,10/22/2021,SNAP,Snap Inc.,55.14,-19.97,-26.59,88.764B,18.14
1,1,10/22/2021,MGNI,"Magnite, Inc.",25.93,-4.09,-13.62,3.403B,38.57
2,2,10/22/2021,BYND,"Beyond Meat, Inc.",95.8,-12.82,-11.8,6.06B,10.44
3,3,10/22/2021,INTC,Intel Corporation,49.46,-6.54,-11.68,201.154B,20.22
4,4,10/22/2021,WISH,ContextLogic Inc.,5.2,-0.62,-10.65,3.266B,192.31
5,5,10/22/2021,CRTO,Criteo S.A.,33.59,-3.86,-10.31,2.049B,29.77
6,6,10/22/2021,FCEL,"FuelCell Energy, Inc.",7.29,-0.82,-10.11,2.673B,137.17
0,0,2021-10-25,PINS,"Pinterest, Inc.",50.68,-7.38,-12.71,32.67B,19.73164956590371
1,1,2021-10-25,DWAC,Digital World Acquisition Corp.,83.86,-10.34,-10.98,3.014B,11.924636298592892
2,2,2021-10-25,OBMP,"Theralink Technologies, Inc.",1.76,-0.16,-8.33,9.778B,568.1818181818181
3,3,2021-10-25,PBCRF,PT Bank Central Asia Tbk,0.52,-0.045,-7.96,64.103B,1923.076923076923
4,4,2021-10-25,GWH,"ESS Tech, Inc.",15.4,-1.29,-7.73,2.08B,64.93506493506493
5,5,2021-10-25,MCG,Membership Collective Group Inc.,10.94,-0.9,-7.6,2.232B,91.4076782449726
0,0,2021-10-26,DWAC,Digital World Acquisition Corp.,59.07,-24.79,-29.56,2.123B,16.929067208396816
1,1,2021-10-26,CVLT,"Commvault Systems, Inc.",61.04,-14.65,-19.36,2.8B,16.382699868938403
2,2,2021-10-26,EVGRF,China Evergrande New Energy Vehicle Group Limited,0.5,-0.1,-16.67,4.884B,2000.0
3,3,2021-10-26,CITAF,"COSCO SHIPPING Development Co., Ltd.",0.171,-0.029,-14.5,4.377B,5847.953216374269
4,4,2021-10-26,CAJ,Canon Inc.,21.54,-3.49,-13.94,22.526B,46.42525533890437
5,5,2021-10-26,BEKE,KE Holdings Inc.,20.8,-3.15,-13.15,24.771B,48.07692307692307
6,6,2021-10-26,DAN,Dana Incorporated,22.11,-3.07,-12.19,3.211B,45.228403437358665
7,7,2021-10-26,MP,MP Materials Corp.,33.48,-4.62,-12.13,5.951B,29.868578255675036
8,8,2021-10-26,NEU,NewMarket Corporation,332.01,-44.5,-11.82,3.628B,3.0119574711605077
9,9,2021-10-26,AKCCF,Aker Carbon Capture ASA,3.6,-0.48,-11.76,2.175B,277.77777777777777
10,10,2021-10-26,LMT,Lockheed Martin Corporation,331.91,-44.42,-11.8,91.911B,3.0128649332650417
11,11,2021-10-26,XRX,Xerox Holdings Corporation,18.2,-2.37,-11.52,3.248B,54.94505494505495
12,12,2021-10-26,GTLB,GitLab Inc.,108.94,-12.96,-10.63,15.58B,9.179364787956674
13,13,2021-10-26,CAJFF,Canon Inc.,21.69,-2.49,-10.32,23.416B,46.10419548178884
14,14,2021-10-26,SEKEF,Seiko Epson Corporation,17.65,-1.84,-9.44,6.107B,56.657223796034
15,15,2021-10-26,KC,Kingsoft Cloud Holdings Limited,25.93,-2.65,-9.27,6.266B,38.565368299267256
16,16,2021-10-26,UPST,"Upstart Holdings, Inc.",327.08,-32.73,-9.1,25.436B,3.0573559985324694
17,17,2021-10-26,HNP,"Huaneng Power International, Inc.",17.87,-1.77,-9.01,7.013B,55.95970900951315
18,18,2021-10-26,RLX,RLX Technology Inc.,5.27,-0.51,-8.82,8.278B,189.753320683112
19,19,2021-10-26,YMM,Full Truck Alliance Co. Ltd.,15.41,-1.45,-8.6,16.733B,64.89292667099286
20,20,2021-10-26,PJT,PJT Partners Inc.,81.36,-7.63,-8.57,3.34B,12.291052114060964
21,21,2021-10-26,PRG,"PROG Holdings, Inc.",42.47,-3.97,-8.55,2.824B,23.54603249352484
22,22,2021-10-26,VNET,"VNET Group, Inc.",16.77,-1.55,-8.46,2.41B,59.63029218843173
23,23,2021-10-26,EXAI,Exscientia plc,21.51,-1.98,-8.43,2.59B,46.49000464900046
24,24,2021-10-26,TUYA,Tuya Inc.,7.36,-0.65,-8.11,4.12B,135.8695652173913
0,0,2021-10-27,ARQQ,Arqit Quantum Inc.,19.11,-2.89,-13.14,2.295B,52.32862375719519
1,1,2021-10-27,LBRT,Liberty Oilfield Services Inc.,13.63,-1.95,-12.52,2.456B,73.36757153338225
2,2,2021-10-27,ROL,"Rollins, Inc.",35.08,-4.25,-10.81,17.262B,28.506271379703534
3,3,2021-10-27,TWTR,"Twitter, Inc.",54.81,-6.62,-10.78,43.737B,18.24484583105273
4,4,2021-10-27,ROCK,"Gibraltar Industries, Inc.",64.13,-7.61,-10.61,2.093B,15.59332605644784
5,5,2021-10-27,HOOD,"Robinhood Markets, Inc.",35.44,-4.13,-10.44,29.616B,28.21670428893905
6,6,2021-10-27,PRTA,Prothena Corporation plc,54.68,-6.34,-10.39,2.463B,18.2882223847842
7,7,2021-10-27,LILM,Lilium N.V.,8.16,-0.93,-10.23,2.321B,122.54901960784314
8,8,2021-10-27,VALN,Valneva SE,47.37,-5.32,-10.1,2.363B,21.110407430863415
9,9,2021-10-27,FISV,"Fiserv, Inc.",98.83,-11.01,-10.02,66.202B,10.118385105737124
10,10,2021-10-27,CSGP,"CoStar Group, Inc.",89.82,-9.92,-9.95,35.475B,11.133377866844802
11,11,2021-10-27,DT,"Dynatrace, Inc.",70.03,-7.67,-9.87,19.937B,14.27959445951735
12,12,2021-10-27,FBC,"Flagstar Bancorp, Inc.",49.92,-5.09,-9.25,2.639B,20.03205128205128
13,13,2021-10-27,ALKS,Alkermes plc,28.65,-2.86,-9.08,4.622B,34.904013961605585
14,14,2021-10-27,LC,LendingClub Corporation,31.62,-3.08,-8.88,3.118B,31.625553447185325
15,15,2021-10-27,GRMN,Garmin Ltd.,146.21,-14.09,-8.79,28.779B,6.839477463921756
16,16,2021-10-27,LGF-B,Lions Gate Entertainment Corp.,11.51,-1.09,-8.65,2.703B,86.88097306689835
17,17,2021-10-27,MPLN,MultiPlan Corporation,4.33,-0.41,-8.65,2.978B,230.9468822170901
18,18,2021-10-27,ATHM,Autohome Inc.,39.64,-3.74,-8.62,4.954B,25.22704339051463
19,19,2021-10-27,QS,QuantumScape Corporation,23.44,-2.19,-8.54,9.756B,42.66211604095563
20,20,2021-10-27,SIX,Six Flags Entertainment Corporation,42.3,-3.9,-8.44,3.632B,23.64066193853428
21,21,2021-10-27,LGF-A,Lions Gate Entertainment Corp.,12.94,-1.19,-8.42,2.709B,77.27975270479135
22,22,2021-10-27,TTGT,"TechTarget, Inc.",88.15,-7.93,-8.25,2.482B,11.344299489506522
23,23,2021-10-27,FJTSY,Fujitsu Limited,35.16,-3.14,-8.2,34.869B,28.441410693970425
24,24,2021-10-27,FIGS,"FIGS, Inc.",32.75,-2.9,-8.13,5.508B,30.53435114503817
0,0,2021-10-28,TWLO,Twilio Inc.,284.93,-60.73,-17.57,50.475B,3.5096339451795178
1,1,2021-10-28,ALNY,"Alnylam Pharmaceuticals, Inc.",162.14,-29.02,-15.18,19.27B,6.167509559639818
2,2,2021-10-28,PANHF,Ping An Healthcare and Technology Company Limited,5.65,-0.9,-13.74,6.565B,176.99115044247787
3,3,2021-10-28,THRM,Gentherm Incorporated,76.4,-12.11,-13.68,2.533B,13.089005235602093
4,4,2021-10-28,STEM,"Stem, Inc.",23.03,-3.62,-13.58,3.017B,43.42162396873643
5,5,2021-10-28,FUTU,Futu Holdings Limited,58.47,-8.55,-12.76,8.576B,17.10278775440397
6,6,2021-10-28,WEX,WEX Inc.,160.84,-23.33,-12.67,7.205B,6.217358865953742
7,7,2021-10-28,UPWK,Upwork Inc.,48.98,-5.94,-10.82,6.251B,20.41649652919559
8,8,2021-10-28,FOUR,"Shift4 Payments, Inc.",64.19,-7.74,-10.76,5.321B,15.578750584203148
9,9,2021-10-28,SWI,SolarWinds Corporation,16.63,-1.73,-9.42,2.628B,60.13229104028864
10,10,2021-10-28,SWMAY,Swedish Match AB (publ),8.12,-0.78,-8.76,12.683B,123.15270935960592
11,11,2021-10-28,FLS,Flowserve Corporation,32.94,-3.08,-8.55,4.291B,30.35822707953856
12,12,2021-10-28,NVCR,NovoCure Limited,101.74,-9.04,-8.16,10.545B,9.828975820719482
13,13,2021-10-28,SGMS,Scientific Games Corporation,82.0,-7.08,-7.95,7.902B,12.195121951219512
14,14,2021-10-28,NOC,Northrop Grumman Corporation,358.64,-29.51,-7.6,57.421B,2.788311398616998
0,0,2021-11-01,MRTX,"Mirati Therapeutics, Inc.",163.37,-25.65,-13.57,8.434B,6.121074860745547
1,1,2021-11-01,DWAC,Digital World Acquisition Corp.,60.82,-6.93,-10.23,2.186B,16.44195988161789
2,2,2021-11-01,WBK,Westpac Banking Corporation,17.8,-1.75,-8.95,65.244B,56.17977528089887
3,3,2021-11-01,ZG,"Zillow Group, Inc.",96.61,-9.11,-8.62,24.141B,10.350895352447989
0,0,2021-11-02,CHGG,"Chegg, Inc.",32.12,-30.64,-48.82,4.647B,31.133250311332507
1,1,2021-11-02,SABR,Sabre Corporation,9.01,-1.79,-16.57,2.907B,110.98779134295228
2,2,2021-11-02,OPEN,Opendoor Technologies Inc.,21.12,-3.63,-14.67,12.77B,47.34848484848485
3,3,2021-11-02,LGIH,"LGI Homes, Inc.",135.89,-18.76,-12.13,3.345B,7.358893222459343
4,4,2021-11-02,MAX,"MediaAlpha, Inc.",16.0,-2.13,-11.75,963.2M,62.5
5,5,2021-11-02,ZG,"Zillow Group, Inc.",85.48,-11.13,-11.52,21.763B,11.69864295741694
6,6,2021-11-02,LDI,"loanDepot, Inc.",7.1,-0.9,-11.25,1.801B,140.84507042253523
7,7,2021-11-02,ARQQ,Arqit Quantum Inc.,20.4,-2.56,-11.15,2.449B,49.01960784313726
8,8,2021-11-02,BHG,"Bright Health Group, Inc.",7.61,-0.89,-10.47,4.796B,131.4060446780552
9,9,2021-11-02,Z,"Zillow Group, Inc.",87.2,-9.95,-10.24,22.077B,11.46788990825688
10,10,2021-11-02,NBIX,"Neurocrine Biosciences, Inc.",95.58,-10.64,-10.02,9.046B,10.462439840970914
11,11,2021-11-02,RL,Ralph Lauren Corporation,117.13,-12.62,-9.73,8.61B,8.53752241099633
12,12,2021-11-02,LOPE,"Grand Canyon Education, Inc.",79.58,-8.54,-9.69,3.426B,12.565971349585324
13,13,2021-11-02,LEG,"Leggett & Platt, Incorporated",43.54,-4.56,-9.48,5.804B,22.96738631143776
14,14,2021-11-02,KUASF,Kuaishou Technology,12.15,-1.25,-9.33,48.431B,82.30452674897118
15,15,2021-11-02,BHC,Bausch Health Companies Inc.,25.87,-2.66,-9.32,9.282B,38.65481252415925
16,16,2021-11-02,GPN,Global Payments Inc.,132.35,-13.47,-9.24,38.878B,7.555723460521345
17,17,2021-11-02,MOS,The Mosaic Company,37.64,-3.82,-9.21,14.299B,26.56748140276302
18,18,2021-11-02,DQ,Daqo New Energy Corp.,68.09,-6.91,-9.21,5.006B,14.6864444118079
19,19,2021-11-02,TWOU,"2U, Inc.",28.29,-2.85,-9.15,2.111B,35.34817956875221
20,20,2021-11-02,XMTR,"Xometry, Inc.",50.01,-5.01,-9.11,2.218B,19.996000799840036
21,21,2021-11-02,IAA,"IAA, Inc.",55.46,-5.37,-8.83,7.476B,18.031013342949876
22,22,2021-11-02,CIFR,Cipher Mining Inc.,8.99,-0.86,-8.73,2.221B,111.23470522803116
23,23,2021-11-02,ABG,"Asbury Automotive Group, Inc.",184.88,-17.14,-8.48,3.576B,5.4089138900908695
24,24,2021-11-02,INCY,Incyte Corporation,63.48,-5.87,-8.46,14.019B,15.75299306868305
0,0,2021-11-03,Z,"Zillow Group, Inc.",65.47,-21.73,-24.92,16.513B,15.27417137620284
1,2,2021-11-03,PLTK,Playtika Holding Corp.,22.72,-6.8,-23.04,9.307B,44.014084507042256
2,3,2021-11-03,ZG,"Zillow Group, Inc.",65.86,-19.62,-22.95,16.946B,15.183723048891588
3,4,2021-11-03,APPS,"Digital Turbine, Inc.",72.81,-17.09,-19.01,6.997B,13.73437714599643
4,5,2021-11-03,TRQ,Turquoise Hill Resources Ltd.,10.21,-2.39,-18.97,2.056B,97.9431929480901
5,6,2021-11-03,OCGN,"Ocugen, Inc.",12.73,-2.94,-18.76,2.53B,78.55459544383346
6,7,2021-11-03,BCRX,"BioCryst Pharmaceuticals, Inc.",12.4,-2.74,-18.1,2.218B,80.64516129032258
7,8,2021-11-03,CAR,"Avis Budget Group, Inc.",298.09,-59.08,-16.54,19.836B,3.3546915361132545
8,9,2021-11-03,VWDRY,Vestas Wind Systems A/S,11.62,-2.15,-15.61,35.383B,86.05851979345955
9,11,2021-11-03,VWSYF,Vestas Wind Systems A/S,35.44,-6.06,-14.61,35.804B,28.21670428893905
10,12,2021-11-03,TX,Ternium S.A.,39.67,-6.7,-14.45,7.788B,25.207965717166623
11,13,2021-11-03,ATVI,"Activision Blizzard, Inc.",66.75,-10.92,-14.06,51.912B,14.9812734082397
12,14,2021-11-03,FRSH,Freshworks Inc.,43.06,-7.01,-14.0,12.119B,23.22340919647004
13,15,2021-11-03,BFAM,Bright Horizons Family Solutions Inc.,148.64,-20.58,-12.16,9.002B,6.727664155005383
14,16,2021-11-03,EXEL,"Exelixis, Inc.",19.24,-2.64,-12.07,6.062B,51.97505197505198
15,18,2021-11-03,COUR,"Coursera, Inc.",32.19,-3.84,-10.66,4.434B,31.06554830692762
16,19,2021-11-03,GCTAY,"Siemens Gamesa Renewable Energy, S.A.",4.575,-0.545,-10.64,15.684B,218.5792349726776
17,20,2021-11-03,CXM,"Sprinklr, Inc.",17.93,-2.08,-10.39,4.573B,55.77244841048522
18,21,2021-11-03,CRL,"Charles River Laboratories International, Inc.",387.81,-44.14,-10.22,19.544B,2.5785822954539594
19,22,2021-11-03,WING,Wingstop Inc.,151.48,-16.9,-10.04,4.506B,6.601531555320835
20,23,2021-11-03,EXPI,"eXp World Holdings, Inc.",45.94,-5.11,-10.01,6.727B,21.767522855899
21,24,2021-11-03,MANT,ManTech International Corporation,78.87,-8.63,-9.86,3.209B,12.679092177000124
0,0,2021-11-04,VMEO,"Vimeo, Inc.",24.49,-10.53,-30.07,4.032B,40.83299305839118
1,1,2021-11-04,LSPD,Lightspeed Commerce Inc.,71.36,-27.61,-27.9,10.521B,14.013452914798206
2,2,2021-11-04,QRTEA,"Qurate Retail, Inc.",8.22,-3.1,-27.39,3.349B,121.654501216545
3,3,2021-11-04,QRTEB,"Qurate Retail, Inc.",8.75,-2.71,-23.65,3.5B,114.28571428571428
4,4,2021-11-04,PENN,"Penn National Gaming, Inc.",57.4,-15.33,-21.08,9.707B,17.421602787456447
5,5,2021-11-04,RCII,"Rent-A-Center, Inc.",45.11,-10.17,-18.4,2.998B,22.168033695411214
6,6,2021-11-04,MRNA,"Moderna, Inc.",284.02,-61.9,-17.89,114.644B,3.5208788113513134
7,7,2021-11-04,NEO,"NeoGenomics, Inc.",38.35,-8.18,-17.58,4.716B,26.07561929595828
8,8,2021-11-04,MGNI,"Magnite, Inc.",22.9,-4.4,-16.12,3.006B,43.66812227074236
9,9,2021-11-04,ALXO,ALX Oncology Holdings Inc.,52.35,-9.58,-15.47,2.112B,19.10219675262655
10,10,2021-11-04,DISH,DISH Network Corporation,37.08,-6.01,-13.95,19.574B,26.96871628910464
11,11,2021-11-04,MTTR,"Matterport, Inc.",20.32,-3.26,-13.83,4.917B,49.21259842519685
12,12,2021-11-04,QRVO,"Qorvo, Inc.",154.46,-23.66,-13.28,17.167B,6.474168069403081
13,13,2021-11-04,NRG,"NRG Energy, Inc.",35.56,-4.44,-11.1,8.704B,28.1214848143982
14,14,2021-11-04,REGI,"Renewable Energy Group, Inc.",59.24,-6.82,-10.32,2.976B,16.88048615800135
15,15,2021-11-04,CAR,"Avis Budget Group, Inc.",272.14,-25.95,-8.71,15.362B,3.674579260674653
16,16,2021-11-04,SKLZ,Skillz Inc.,11.4,-1.06,-8.51,4.594B,87.71929824561403
17,17,2021-11-04,MDU,"MDU Resources Group, Inc.",28.45,-2.64,-8.49,5.759B,35.1493848857645
18,18,2021-11-04,MQ,"Marqeta, Inc.",28.23,-2.58,-8.37,15.227B,35.423308537017355
19,19,2021-11-04,NPNYY,Nippon Yusen Kabushiki Kaisha,13.78,-1.23,-8.19,11.634B,72.5689404934688
20,20,2021-11-04,NVAX,"Novavax, Inc.",179.41,-15.79,-8.09,13.363B,5.573825316314587
21,21,2021-11-04,FRSH,Freshworks Inc.,39.59,-3.47,-8.06,11.142B,25.258903763576654
22,22,2021-11-04,KTOS,"Kratos Defense & Security Solutions, Inc.",21.44,-1.84,-7.9,2.658B,46.64179104477612
23,23,2021-11-04,NETTF,"NetEase, Inc.",20.25,-1.71,-7.78,67.943B,49.38271604938272
24,24,2021-11-04,ROKU,"Roku, Inc.",289.39,-24.27,-7.74,38.619B,3.455544421023532
0,0,2021-11-05,PTON,"Peloton Interactive, Inc.",55.64,-30.42,-35.35,17.598B,17.97268152408339
1,1,2021-11-05,ADGI,"Adagio Therapeutics, Inc.",20.04,-10.26,-33.86,2.288B,49.9001996007984
2,3,2021-11-05,MRVI,"Maravai LifeSciences Holdings, Inc.",35.0,-9.84,-21.94,4.6B,28.571428571428573
3,4,2021-11-05,BNTX,BioNTech SE,216.64,-57.3,-20.92,56.657B,4.615952732644018
4,5,2021-11-05,NKTR,Nektar Therapeutics,13.45,-3.2,-19.22,2.472B,74.34944237918216
5,6,2021-11-05,MRNA,"Moderna, Inc.",236.99,-47.03,-16.56,116.509B,4.2195873243596775
6,7,2021-11-05,NKLA,Nikola Corporation,13.14,-2.3,-14.9,5.275B,76.10350076103501
7,8,2021-11-05,VIR,"Vir Biotechnology, Inc.",31.26,-5.42,-14.78,4.083B,31.98976327575176
8,9,2021-11-05,TDC,Teradata Corporation,48.84,-8.05,-14.15,5.328B,20.475020475020475
9,10,2021-11-05,ZLAB,Zai Lab Limited,88.49,-14.24,-13.86,8.502B,11.300711944852528
10,12,2021-11-05,CGNX,Cognex Corporation,78.96,-12.3,-13.48,13.953B,12.664640324214794
11,13,2021-11-05,ABCL,AbCellera Biologics Inc.,15.09,-2.28,-13.13,4.266B,66.26905235255136
12,14,2021-11-05,AMN,"AMN Healthcare Services, Inc.",97.74,-14.68,-13.06,4.619B,10.23122570083896
13,15,2021-11-05,APPN,Appian Corporation,90.73,-12.66,-12.24,6.175B,11.021712774165104
14,16,2021-11-05,SWCH,"Switch, Inc.",23.06,-3.16,-12.05,3.249B,43.36513443191674
15,17,2021-11-05,VALN,Valneva SE,40.65,-5.4,-11.73,2.138B,24.600246002460025
16,18,2021-11-05,NVAX,"Novavax, Inc.",159.19,-20.22,-11.27,11.857B,6.281801620704818
17,19,2021-11-05,CGC,Canopy Growth Corporation,11.79,-1.47,-11.09,4.721B,84.81764206955047
18,20,2021-11-05,QDEL,Quidel Corporation,121.1,-15.04,-11.05,5.042B,8.257638315441785
19,22,2021-11-05,INRLF,Valneva SE,20.5,-2.5,-10.87,2.159B,48.78048780487805
20,23,2021-11-05,DBX,"Dropbox, Inc.",27.81,-3.2,-10.32,10.978B,35.958288385472855
21,24,2021-11-05,GBT,"Global Blood Therapeutics, Inc.",35.35,-4.02,-10.21,2.206B,28.28854314002829
0,0,2021-11-09,AMRS,"Amyris, Inc.",7.96,-5.02,-38.67,2.414B,125.6281407035176
1,1,2021-11-09,ARVL,Arrival,12.88,-4.91,-27.6,7.991B,77.63975155279503
2,2,2021-11-09,LFST,"LifeStance Health Group, Inc.",9.73,-3.1,-24.16,3.64B,102.7749229188078
3,3,2021-11-09,NVTA,Invitae Corporation,20.53,-5.74,-21.85,4.462B,48.70920603994155
4,4,2021-11-09,OSH,"Oak Street Health, Inc.",37.14,-9.75,-20.79,8.946B,26.925148088314486
5,5,2021-11-09,FRPT,"Freshpet, Inc.",125.95,-24.49,-16.28,5.461B,7.939658594680429
6,6,2021-11-09,SITM,SiTime Corporation,243.94,-47.4,-16.27,4.697B,4.099368697220628
7,7,2021-11-09,HAE,Haemonetics Corporation,60.2,-10.93,-15.37,3.072B,16.611295681063122
8,8,2021-11-09,ALKS,Alkermes plc,24.83,-4.5,-15.34,4.015B,40.27386226339106
9,9,2021-11-09,CRON,Cronos Group Inc.,5.7,-1.01,-15.05,2.119B,175.43859649122803
10,10,2021-11-09,CAR,"Avis Budget Group, Inc.",249.68,-43.42,-14.81,14.094B,4.005126561999359
11,11,2021-11-09,DDD,3D Systems Corporation,29.01,-4.87,-14.37,3.707B,34.47087211306446
12,12,2021-11-09,DSEY,"Diversey Holdings, Ltd.",14.71,-2.3,-13.52,4.449B,67.98096532970767
13,13,2021-11-09,BHVN,Biohaven Pharmaceutical Holding Company Ltd.,121.72,-18.05,-12.91,7.961B,8.21557673348669
14,14,2021-11-09,NEGG,"Newegg Commerce, Inc.",16.39,-2.43,-12.91,6.036B,61.01281269066504
15,15,2021-11-09,BLDP,Ballard Power Systems Inc.,16.91,-2.43,-12.56,5.033B,59.13660555884092
16,16,2021-11-09,SAVA,"Cassava Sciences, Inc.",78.41,-11.08,-12.38,3.138B,12.753475322025253
17,17,2021-11-09,AMC,"AMC Entertainment Holdings, Inc.",39.93,-5.13,-11.38,20.497B,25.043826696719258
18,18,2021-11-09,MWA,"Mueller Water Products, Inc.",15.43,-1.87,-10.82,2.447B,64.80881399870383
19,19,2021-11-09,LMND,"Lemonade, Inc.",62.94,-7.56,-10.72,3.874B,15.888147442008265
20,20,2021-11-09,PYPL,"PayPal Holdings, Inc.",205.42,-24.0,-10.46,241.375B,4.868075163080518
21,21,2021-11-09,PTRA,Proterra Inc.,11.21,-1.3,-10.39,2.38B,89.20606601248885
22,22,2021-11-09,TRIP,"TripAdvisor, Inc.",31.33,-3.54,-10.15,4.305B,31.91828917969997
0,0,2021-11-10,FUBO,fuboTV Inc.,25.47,-7.66,-23.12,3.608B,39.26187671770711
1,1,2021-11-10,MNDY,monday.com Ltd.,350.82,-93.88,-21.11,15.338B,2.8504646257339945
2,2,2021-11-10,IONQ,"IonQ, Inc.",18.23,-4.3,-19.09,3.509B,54.85463521667581
3,3,2021-11-10,LPRO,Open Lending Corporation,27.46,-6.4,-18.9,3.465B,36.41660597232338
4,4,2021-11-10,UPST,"Upstart Holdings, Inc.",256.59,-57.12,-18.21,19.954B,3.8972680151214
5,5,2021-11-10,TOST,"Toast, Inc.",50.01,-10.74,-17.68,25.135B,19.996000799840036
6,6,2021-11-10,RXRX,"Recursion Pharmaceuticals, Inc.",16.14,-3.46,-17.65,2.719B,61.95786864931846
7,7,2021-11-10,GLBE,Global-e Online Ltd.,48.19,-9.43,-16.37,7.018B,20.751193193608632
8,8,2021-11-10,AFRM,"Affirm Holdings, Inc.",133.53,-24.26,-15.37,37.083B,7.488953793155096
9,9,2021-11-10,MARA,"Marathon Digital Holdings, Inc.",64.84,-11.25,-14.79,6.46B,15.42257865515114
10,10,2021-11-10,BRPHF,Galaxy Digital Holdings Ltd.,29.28,-4.65,-13.7,2.859B,34.15300546448087
11,11,2021-11-10,OLK,Olink Holding AB (publ),25.08,-3.93,-13.55,2.985B,39.87240829346093
12,12,2021-11-10,NVNXF,Novonix Limited,6.17,-0.95,-13.34,2.977B,162.07455429497568
13,13,2021-11-10,EYE,"National Vision Holdings, Inc.",55.22,-8.3,-13.07,4.521B,18.109380659181458
14,14,2021-11-10,RBLX,Roblox Corporation,95.26,-14.26,-13.02,54.789B,10.497585555322276
15,15,2021-11-10,EVBG,"Everbridge, Inc.",138.32,-20.26,-12.78,5.309B,7.2296124927703875
16,16,2021-11-10,BAK,Braskem S.A.,18.02,-2.63,-12.74,7.173B,55.49389567147614
17,17,2021-11-10,SKIN,The Beauty Health Company,25.23,-3.44,-12.0,3.366B,39.63535473642489
18,18,2021-11-10,AMPL,"Amplitude, Inc.",74.72,-10.08,-11.89,7.674B,13.383297644539615
19,19,2021-11-10,SAVA,"Cassava Sciences, Inc.",69.4,-9.01,-11.49,2.777B,14.40922190201729
20,20,2021-11-10,MRTX,"Mirati Therapeutics, Inc.",148.77,-19.07,-11.36,7.709B,6.7217853061773205
21,21,2021-11-10,ADT,ADT Inc.,8.95,-1.14,-11.3,7.438B,111.731843575419
22,22,2021-11-10,PRGO,Perrigo Company plc,42.21,-5.22,-11.01,5.644B,23.69106846718787
23,23,2021-11-10,CERE,"Cerevel Therapeutics Holdings, Inc.",38.67,-4.75,-10.94,5.602B,25.85983966899405
0,0,2021-11-11,PSFE,Paysafe Limited,4.24,-3.03,-41.68,3.069B,235.8490566037736
1,1,2021-11-11,BHG,"Bright Health Group, Inc.",4.94,-2.36,-32.33,3.113B,202.42914979757083
2,2,2021-11-11,OSCR,"Oscar Health, Inc.",12.47,-4.05,-24.52,2.59B,80.19246190858058
3,3,2021-11-11,BMBL,Bumble Inc.,38.56,-9.19,-19.25,7.118B,25.933609958506224
4,4,2021-11-11,CRCT,"Cricut, Inc.",23.65,-5.25,-18.17,5.256B,42.28329809725159
5,5,2021-11-11,ESMT,"EngageSmart, LLC",26.58,-5.74,-17.76,4.278B,37.62227238525208
6,6,2021-11-11,LZ,"LegalZoom.com, Inc.",19.91,-3.88,-16.31,3.92B,50.22601707684581
7,7,2021-11-11,BLND,"Blend Labs, Inc.",12.96,-2.49,-16.12,2.943B,77.1604938271605
8,8,2021-11-11,RELY,"Remitly Global, Inc.",30.84,-5.66,-15.51,4.977B,32.425421530479895
9,9,2021-11-11,BYND,"Beyond Meat, Inc.",81.93,-12.55,-13.28,5.182B,12.205541315757351
10,10,2021-11-11,PWSC,"PowerSchool Holdings, Inc.",21.59,-3.21,-12.94,4.283B,46.31773969430292
11,11,2021-11-11,FIGS,"FIGS, Inc.",34.1,-4.88,-12.52,5.49B,29.325513196480937
12,12,2021-11-11,HAIN,"The Hain Celestial Group, Inc.",42.15,-5.94,-12.35,4.072B,23.72479240806643
13,13,2021-11-11,SDGR,"Schrödinger, Inc.",45.16,-6.0,-11.73,3.195B,22.143489813994687
14,14,2021-11-11,GWH,"ESS Tech, Inc.",15.02,-1.81,-10.75,2.029B,66.57789613848203
15,15,2021-11-11,CAE,CAE Inc.,29.8,-3.54,-10.62,9.492B,33.557046979865774
16,16,2021-11-11,DDL,Dingdong (Cayman) Limited,30.0,-3.37,-10.1,7.082B,33.333333333333336
17,17,2021-11-11,DDD,3D Systems Corporation,25.21,-2.83,-10.09,3.22B,39.66679888932963
18,18,2021-11-11,VRM,"Vroom, Inc.",18.59,-2.03,-9.84,2.545B,53.79236148466918
19,19,2021-11-11,OTLY,Oatly Group AB,11.3,-1.06,-8.58,6.687B,88.49557522123894
20,20,2021-11-11,BURL,"Burlington Stores, Inc.",269.82,-22.81,-7.79,18.004B,3.7061744866948336
21,21,2021-11-11,ODP,The ODP Corporation,39.77,-3.33,-7.73,2.05B,25.14458134272064
22,22,2021-11-11,DIS,The Walt Disney Company,162.11,-12.34,-7.07,294.575B,6.16865091604466
23,23,2021-11-11,TNRSF,Tenaris S.A.,11.8,-0.85,-6.72,13.93B,84.7457627118644
24,24,2021-11-11,CIFR,Cipher Mining Inc.,8.17,-0.57,-6.52,2.018B,122.39902080783354
0,0,2021-11-13,INSD,Instadose Pharma Corp.,35.0,-10.0,-22.22,2.625B,28.571428571428573
1,1,2021-11-13,JAMF,Jamf Holding Corp.,32.14,-9.14,-22.14,3.814B,31.113876789047914
2,2,2021-11-13,NTCO,Natura &Co Holding S.A.,12.23,-2.51,-17.03,8.509B,81.76614881439085
3,3,2021-11-13,CELH,"Celsius Holdings, Inc.",83.35,-14.36,-14.7,7.278B,11.99760047990402
4,4,2021-11-13,IS,ironSource Ltd.,11.05,-1.38,-11.1,6.973B,90.49773755656108
5,5,2021-11-13,IOVA,"Iovance Biotherapeutics, Inc.",21.07,-2.43,-10.34,3.306B,47.460844803037496
6,6,2021-11-13,CPNG,"Coupang, Inc.",26.58,-2.61,-8.94,50.662B,37.62227238525208
7,7,2021-11-13,FCFS,"FirstCash, Inc.",78.64,-7.2,-8.39,3.18B,12.71617497456765
8,8,2021-11-13,HPE,Hewlett Packard Enterprise Company,14.64,-1.3,-8.16,19.15B,68.30601092896174
9,9,2021-11-13,TIL,"Instil Bio, Inc.",20.68,-1.57,-7.06,2.663B,48.355899419729205
10,10,2021-11-13,SYNH,"Syneos Health, Inc.",95.72,-6.88,-6.71,10.639B,10.447137484329296
11,11,2021-11-13,AZN,AstraZeneca PLC,58.8,-4.12,-6.55,183.363B,17.006802721088437
12,12,2021-11-13,PATH,UiPath Inc.,53.7,-3.75,-6.53,27.577B,18.6219739292365
13,13,2021-11-13,VYGVF,Voyager Digital Ltd.,17.19,-1.19,-6.48,2.79B,58.17335660267597
14,14,2021-11-13,REGI,"Renewable Energy Group, Inc.",52.42,-3.42,-6.12,2.635B,19.07668828691339
15,15,2021-11-13,ONEM,"1Life Healthcare, Inc.",21.03,-1.35,-6.03,4.038B,47.5511174512601
16,16,2021-11-13,BROS,Dutch Bros Inc.,62.06,-3.94,-5.97,3.294B,16.113438607798905
17,17,2021-11-13,SHCR,"Sharecare, Inc.",7.77,-0.49,-5.93,2.634B,128.70012870012872
18,18,2021-11-13,VMEO,"Vimeo, Inc.",22.89,-1.36,-5.61,3.784B,43.6871996505024
19,19,2021-11-13,WPLCF,Wise plc,10.65,-0.61,-5.42,10.592B,93.89671361502349
20,20,2021-11-13,BMBL,Bumble Inc.,36.55,-2.01,-5.21,6.747B,27.359781121751027
21,21,2021-11-13,OGZPY,Public Joint Stock Company Gazprom,9.14,-0.5,-5.19,111.338B,109.40919037199124
22,22,2021-11-13,ADCT,ADC Therapeutics SA,26.46,-1.42,-5.09,2.071B,37.79289493575208
0,0,2021-11-15,MARA,"Marathon Digital Holdings, Inc.",55.4,-20.52,-27.03,5.52B,18.050541516245488
1,1,2021-11-15,OTLY,Oatly Group AB,9.36,-2.46,-20.81,5.539B,106.83760683760684
2,2,2021-11-15,SPLK,Splunk Inc.,137.38,-30.44,-18.14,22.193B,7.2790799242975694
3,3,2021-11-15,TGTX,"TG Therapeutics, Inc.",27.05,-4.73,-14.88,3.867B,36.96857670979667
4,4,2021-11-15,EVGO,"EVgo, Inc.",16.19,-2.71,-14.34,4.283B,61.76652254478073
5,5,2021-11-15,SAVA,"Cassava Sciences, Inc.",60.51,-8.29,-12.05,2.421B,16.526194017517767
6,6,2021-11-15,MORF,"Morphic Holding, Inc.",55.32,-7.42,-11.83,2.045B,18.076644974692694
7,7,2021-11-15,UPST,"Upstart Holdings, Inc.",233.78,-30.4,-11.51,19.062B,4.277525879031568
8,8,2021-11-15,ME,23andMe Holding Co.,11.17,-1.45,-11.49,4.879B,89.52551477170994
9,9,2021-11-15,PHG,Koninklijke Philips N.V.,42.16,-5.46,-11.47,38.481B,23.719165085389
10,10,2021-11-15,CFLT,"Confluent, Inc.",80.0,-10.01,-11.12,21.158B,12.5
11,11,2021-11-15,BE,Bloom Energy Corporation,30.37,-3.78,-11.07,5.329B,32.927230819888045
12,12,2021-11-15,GTBIF,Green Thumb Industries Inc.,24.16,-2.95,-10.88,5.33B,41.3907284768212
13,13,2021-11-15,ARWR,"Arrowhead Pharmaceuticals, Inc.",65.9,-8.04,-10.87,6.871B,15.174506828528072
14,14,2021-11-15,CRWD,"CrowdStrike Holdings, Inc.",254.15,-30.15,-10.6,57.995B,3.934684241589612
15,15,2021-11-15,FORG,"ForgeRock, Inc.",28.01,-3.27,-10.45,2.223B,35.701535166012135
16,16,2021-11-15,EGRNY,China Evergrande Group,8.69,-0.91,-9.53,4.586B,115.07479861910242
17,17,2021-11-15,LESL,"Leslie's, Inc.",21.44,-2.23,-9.42,4.069B,46.64179104477612
18,18,2021-11-15,DUOL,"Duolingo, Inc.",140.48,-14.54,-9.38,5.257B,7.118451025056948
19,19,2021-11-15,AUPH,Aurinia Pharmaceuticals Inc.,27.03,-2.73,-9.17,3.505B,36.99593044765076
20,20,2021-11-15,APP,AppLovin Corporation,102.77,-9.59,-8.54,38.266B,9.73046608932568
21,21,2021-11-15,PRVA,"Privia Health Group, Inc.",29.76,-2.73,-8.4,3.169B,33.60215053763441
22,22,2021-11-15,FRSH,Freshworks Inc.,34.7,-3.02,-8.01,9.131B,28.81844380403458
23,23,2021-11-15,IS,ironSource Ltd.,10.2,-0.85,-7.69,6.437B,98.03921568627452
0,0,2021-11-16,RSKD,Riskified Ltd.,12.9,-4.78,-27.04,2.033B,77.51937984496124
1,1,2021-11-16,CTOS,"Custom Truck One Source, Inc.",9.61,-1.56,-13.97,2.363B,104.0582726326743
2,2,2021-11-16,EVCM,EverCommerce Inc.,17.52,-2.53,-12.62,3.423B,57.077625570776256
3,3,2021-11-16,RIOT,"Riot Blockchain, Inc.",36.9,-5.19,-12.33,3.541B,27.100271002710027
4,4,2021-11-16,STEP,StepStone Group Inc.,49.29,-5.7,-10.37,2.747B,20.28809089064719
5,5,2021-11-16,BRPHF,Galaxy Digital Holdings Ltd.,29.52,-3.38,-10.27,2.901B,33.87533875338753
6,6,2021-11-16,DDL,Dingdong (Cayman) Limited,26.27,-2.96,-10.13,6.201B,38.06623524933384
7,7,2021-11-16,DH,Definitive Healthcare Corp.,39.58,-4.34,-9.88,3.493B,25.26528549772613
8,8,2021-11-16,WK,Workiva Inc.,143.2,-15.44,-9.73,7.283B,6.983240223463688
9,9,2021-11-16,YOU,"Clear Secure, Inc.",40.13,-4.28,-9.64,3.028B,24.919013207077
10,10,2021-11-16,QS,QuantumScape Corporation,36.91,-3.67,-9.04,15.598B,27.0929287455974
11,11,2021-11-16,CLOV,"Clover Health Investments, Corp.",6.94,-0.62,-8.2,2.919B,144.0922190201729
12,12,2021-11-16,VYGVF,Voyager Digital Ltd.,16.81,-1.47,-8.05,2.728B,59.488399762046406
13,13,2021-11-16,GGAL,Grupo Financiero Galicia S.A.,10.5,-0.89,-7.81,3.252B,95.23809523809524
14,14,2021-11-16,RELY,"Remitly Global, Inc.",28.36,-2.31,-7.53,4.577B,35.26093088857546
15,15,2021-11-16,NCLH,Norwegian Cruise Line Holdings Ltd.,23.64,-1.87,-7.33,8.748B,42.30118443316413
16,16,2021-11-16,BLND,"Blend Labs, Inc.",12.05,-0.93,-7.16,2.769B,82.9875518672199
17,17,2021-11-16,JRONY,"Jerónimo Martins, SGPS, S.A.",43.18,-3.32,-7.14,14.428B,23.158869847151458
18,18,2021-11-16,FSLR,"First Solar, Inc.",104.49,-7.82,-6.96,11.11B,9.570293808019906
19,19,2021-11-16,NTCO,Natura &Co Holding S.A.,11.15,-0.83,-6.93,7.689B,89.68609865470852
20,20,2021-11-16,ERJ,Embraer S.A.,15.63,-1.16,-6.91,2.876B,63.97952655150352
21,21,2021-11-16,WEBR,Weber Inc.,14.5,-1.07,-6.87,4.164B,68.96551724137932
22,22,2021-11-16,RLX,RLX Technology Inc.,4.66,-0.34,-6.8,7.32B,214.5922746781116
23,23,2021-11-16,AVDX,"AvidXchange Holdings, Inc.",23.71,-1.61,-6.36,4.642B,42.17629692113032
0,0,2021-11-17,STNE,StoneCo Ltd.,20.7,-10.96,-34.62,6.395B,48.30917874396136
1,1,2021-11-17,DLO,DLocal Limited,34.9,-12.1,-25.74,10.296B,28.653295128939828
2,2,2021-11-17,ARVL,Arrival,10.73,-2.52,-19.02,6.657B,93.19664492078284
3,3,2021-11-17,IQ,"iQIYI, Inc.",7.11,-1.48,-17.23,5.612B,140.64697609001405
4,4,2021-11-17,ROVR,"Rover Group, Inc.",11.74,-2.22,-15.9,2.057B,85.17887563884156
5,5,2021-11-17,PAG,"Penske Automotive Group, Inc.",98.43,-13.15,-11.79,7.707B,10.159504216194248
6,6,2021-11-17,ROKU,"Roku, Inc.",245.11,-31.35,-11.34,32.934B,4.079800905715801
7,7,2021-11-17,TUYA,Tuya Inc.,5.65,-0.7,-11.02,3.163B,176.99115044247787
8,8,2021-11-17,GPI,"Group 1 Automotive, Inc.",188.94,-22.56,-10.67,3.42B,5.292685508627078
9,9,2021-11-17,STEM,"Stem, Inc.",22.07,-2.6,-10.54,3.251B,45.31037607612143
10,10,2021-11-17,LAD,"Lithia Motors, Inc.",299.44,-34.75,-10.4,9.127B,3.339567192091905
11,11,2021-11-17,AN,"AutoNation, Inc.",117.75,-13.15,-10.05,7.717B,8.492569002123142
12,12,2021-11-17,UWMC,UWM Holdings Corporation,5.95,-0.66,-9.98,9.551B,168.0672268907563
13,13,2021-11-17,FSR,Fisker Inc.,21.41,-2.27,-9.59,6.339B,46.70714619336759
14,14,2021-11-17,PAGS,PagSeguro Digital Ltd.,32.55,-3.43,-9.53,10.704B,30.721966205837177
15,15,2021-11-17,ABCL,AbCellera Biologics Inc.,14.82,-1.54,-9.41,4.173B,67.47638326585695
16,16,2021-11-17,ABG,"Asbury Automotive Group, Inc.",166.29,-17.26,-9.4,3.847B,6.013590715015936
17,17,2021-11-17,WOLF,"Wolfspeed, Inc.",128.77,-13.1,-9.23,14.965B,7.765783955890346
18,18,2021-11-17,FOUR,"Shift4 Payments, Inc.",66.0,-6.62,-9.12,5.473B,15.151515151515152
19,19,2021-11-17,BILI,Bilibili Inc.,81.03,-7.99,-8.98,31.028B,12.34110823151919
20,20,2021-11-17,VCTR,"Victory Capital Holdings, Inc.",36.1,-3.4,-8.61,2.458B,27.700831024930743
21,21,2021-11-17,ATHM,Autohome Inc.,34.44,-3.18,-8.45,4.304B,29.036004645760745
22,22,2021-11-17,KRNT,Kornit Digital Ltd.,146.76,-13.47,-8.41,6.792B,6.8138457345325705
23,23,2021-11-17,CDNA,"CareDx, Inc",43.53,-3.97,-8.36,2.298B,22.97266253158741
0,0,2021-11-18,VIPS,Vipshop Holdings Limited,10.03,-2.2,-17.99,6.782B,99.70089730807578
1,1,2021-11-18,BILI,Bilibili Inc.,67.12,-13.91,-17.17,25.701B,14.898688915375446
2,2,2021-11-18,HP,"Helmerich & Payne, Inc.",26.16,-5.16,-16.48,2.823B,38.2262996941896
3,3,2021-11-18,CERT,"Certara, Inc.",30.73,-5.28,-14.66,4.907B,32.54149040026033
4,4,2021-11-18,WOOF,"Petco Health and Wellness Company, Inc.",21.45,-3.27,-13.23,6.479B,46.62004662004662
5,5,2021-11-18,BABAF,Alibaba Group Holding Limited,17.88,-2.64,-12.87,399.888B,55.928411633109626
6,6,2021-11-18,CLOV,"Clover Health Investments, Corp.",5.61,-0.82,-12.75,2.36B,178.25311942959
7,7,2021-11-18,ONON,On Holding AG,45.0,-6.45,-12.54,15.054B,22.22222222222222
8,8,2021-11-18,DH,Definitive Healthcare Corp.,32.93,-4.71,-12.51,2.907B,30.367446097783176
9,9,2021-11-18,SQSP,"Squarespace, Inc.",41.24,-5.62,-11.99,5.726B,24.24830261881668
10,10,2021-11-18,DNA,"Ginkgo Bioworks Holdings, Inc.",11.98,-1.61,-11.85,17.811B,83.47245409015025
11,11,2021-11-18,TLRY,"Tilray, Inc.",10.9,-1.44,-11.67,5.05B,91.74311926605505
12,12,2021-11-18,AI,"C3.ai, Inc.",40.94,-5.24,-11.35,4.262B,24.42598925256473
13,13,2021-11-18,BRPHF,Galaxy Digital Holdings Ltd.,26.19,-3.31,-11.22,2.586B,38.18251240931653
14,14,2021-11-18,BABA,Alibaba Group Holding Limited,143.6,-17.98,-11.13,407.864B,6.963788300835655
15,15,2021-11-18,ADPT,Adaptive Biotechnologies Corporation,28.6,-3.55,-11.04,4.036B,34.96503496503497
16,16,2021-11-18,CTOS,"Custom Truck One Source, Inc.",8.46,-0.99,-10.48,2.092B,118.20330969267138
17,17,2021-11-18,LCID,"Lucid Group, Inc.",47.05,-5.5,-10.47,76.116B,21.253985122210416
18,18,2021-11-18,GOEV,Canoo Inc.,9.69,-1.11,-10.28,2.312B,103.19917440660475
19,19,2021-11-18,IONQ,"IonQ, Inc.",27.96,-3.04,-9.81,5.382B,35.7653791130186
20,20,2021-11-18,RLX,RLX Technology Inc.,4.36,-0.47,-9.73,6.849B,229.3577981651376
0,0,2021-11-22,AUPH,Aurinia Pharmaceuticals Inc.,19.65,-8.82,-30.98,2.548B,50.890585241730285
1,1,2021-11-22,ASAN,"Asana, Inc.",106.09,-31.1,-22.67,19.51B,9.425959091337544
2,2,2021-11-22,CRNC,Cerence Inc.,82.59,-21.47,-20.63,3.139B,12.108003390240947
3,3,2021-11-22,DOCN,"DigitalOcean Holdings, Inc.",102.82,-25.71,-20.0,11.224B,9.725734292939118
4,4,2021-11-22,IONQ,"IonQ, Inc.",23.18,-4.83,-17.24,4.462B,43.14063848144953
5,5,2021-11-22,RXRX,"Recursion Pharmaceuticals, Inc.",16.65,-3.16,-15.95,2.814B,60.06006006006007
6,6,2021-11-22,SPT,"Sprout Social, Inc.",109.51,-19.72,-15.26,5.914B,9.131586156515386
7,7,2021-11-22,FTCH,Farfetch Limited,33.61,-5.65,-14.39,12.473B,29.753049687592977
8,8,2021-11-22,PACB,"Pacific Biosciences of California, Inc.",22.68,-3.79,-14.32,5.003B,44.091710758377424
9,9,2021-11-22,DLO,DLocal Limited,32.1,-4.97,-13.41,9.47B,31.15264797507788
10,10,2021-11-22,TIL,"Instil Bio, Inc.",19.3,-2.94,-13.22,2.488B,51.81347150259067
11,11,2021-11-22,ONEM,"1Life Healthcare, Inc.",17.27,-2.54,-12.82,3.297B,57.90387955993052
12,12,2021-11-22,ZLAB,Zai Lab Limited,73.65,-10.5,-12.48,7.323B,13.57773251866938
13,13,2021-11-22,SITM,SiTime Corporation,252.06,-35.53,-12.35,5.181B,3.967309370784734
14,14,2021-11-22,YOU,"Clear Secure, Inc.",33.88,-4.69,-12.16,2.552B,29.51593860684769
15,15,2021-11-22,DH,Definitive Healthcare Corp.,30.62,-4.14,-11.91,2.703B,32.65839320705421
16,16,2021-11-22,VTEX,VTEX,13.89,-1.86,-11.81,2.641B,71.99424046076314
17,17,2021-11-22,NET,"Cloudflare, Inc.",186.45,-24.59,-11.65,59.99B,5.363368195226602
18,18,2021-11-22,MNDY,monday.com Ltd.,328.41,-42.84,-11.54,14.358B,3.0449742699674185
19,19,2021-11-22,GLBE,Global-e Online Ltd.,57.4,-7.48,-11.53,8.36B,17.421602787456447
20,20,2021-11-22,SI,Silvergate Capital Corporation,194.77,-24.98,-11.37,5.18B,5.134260923140114
21,21,2021-11-22,TWST,Twist Bioscience Corporation,98.17,-12.45,-11.25,4.839B,10.186411327289395
22,22,2021-11-22,STNE,StoneCo Ltd.,17.01,-2.12,-11.08,5.255B,58.78894767783656
23,23,2021-11-22,DOMO,"Domo, Inc.",75.13,-9.33,-11.05,2.416B,13.31026221216558
24,24,2021-11-22,SANA,"Sana Biotechnology, Inc.",19.0,-2.31,-10.84,3.588B,52.63157894736842
0,0,2021-11-23,GENI,Genius Sports Limited,10.19,-3.45,-25.29,2.029B,98.13542688910697
1,1,2021-11-23,ZM,"Zoom Video Communications, Inc.",206.64,-35.64,-14.71,61.399B,4.839334107626791
2,2,2021-11-23,GME,GameStop Corp.,213.9,-33.65,-13.59,16.362B,4.675081813931744
3,3,2021-11-23,PRTA,Prothena Corporation plc,51.17,-7.84,-13.29,2.384B,19.54270080125073
4,4,2021-11-23,ANF,Abercrombie & Fitch Co.,41.12,-5.92,-12.59,2.429B,24.319066147859925
5,5,2021-11-23,ALHC,"Alignment Healthcare, Inc.",18.12,-2.57,-12.42,3.393B,55.18763796909492
6,6,2021-11-23,BBY,"Best Buy Co., Inc.",121.01,-16.99,-12.31,29.764B,8.263779852904719
7,7,2021-11-23,DNA,"Ginkgo Bioworks Holdings, Inc.",12.1,-1.39,-10.3,17.989B,82.64462809917356
8,8,2021-11-23,TIL,"Instil Bio, Inc.",17.34,-1.96,-10.16,2.236B,57.67012687427913
9,9,2021-11-23,AVDX,"AvidXchange Holdings, Inc.",21.44,-2.35,-9.88,4.197B,46.64179104477612
10,10,2021-11-23,URBN,"Urban Outfitters, Inc.",33.8,-3.47,-9.31,3.325B,29.58579881656805
11,11,2021-11-23,PRVA,"Privia Health Group, Inc.",25.41,-2.58,-9.22,2.706B,39.354584809130266
12,12,2021-11-23,S,"SentinelOne, Inc.",58.26,-5.77,-9.01,15.441B,17.164435290078956
13,13,2021-11-23,OPEN,Opendoor Technologies Inc.,16.71,-1.64,-8.94,10.237B,59.84440454817474
14,14,2021-11-23,ASTR,"Astra Space, Inc.",10.19,-0.98,-8.77,2.632B,98.13542688910697
15,15,2021-11-23,OSTK,"Overstock.com, Inc.",92.75,-8.91,-8.76,3.99B,10.78167115902965
16,16,2021-11-23,CBRL,"Cracker Barrel Old Country Store, Inc.",130.45,-12.51,-8.75,3.067B,7.665772326561901
17,17,2021-11-23,ZI,ZoomInfo Technologies Inc.,67.64,-6.37,-8.61,28.409B,14.78415138971023
18,18,2021-11-23,RKLB,"Rocket Lab USA, Inc.",14.55,-1.36,-8.55,6.536B,68.72852233676976
19,19,2021-11-23,DASH,"DoorDash, Inc.",184.31,-17.15,-8.51,63.229B,5.425641582117085
20,20,2021-11-23,ARVL,Arrival,8.93,-0.83,-8.5,5.54B,111.98208286674132
21,21,2021-11-23,FFIE,Faraday Future Intelligent Electric Inc.,6.57,-0.6,-8.37,2.131B,152.20700152207002
0,0,2021-11-24,JWN,"Nordstrom, Inc.",22.66,-9.27,-29.03,3.601B,44.1306266548985
1,1,2021-11-24,GPS,"The Gap, Inc.",17.84,-5.67,-24.12,6.71B,56.05381165919282
2,2,2021-11-24,TDCX,TDCX Inc.,18.72,-3.91,-17.28,2.674B,53.41880341880342
3,3,2021-11-24,ADSK,"Autodesk, Inc.",256.9,-47.1,-15.49,56.479B,3.892565200467108
4,4,2021-11-24,PLAN,"Anaplan, Inc.",44.22,-7.84,-15.06,6.464B,22.61420171867933
5,5,2021-11-24,WBX,Wallbox N.V.,12.89,-1.85,-12.55,2.075B,77.57951900698215
6,6,2021-11-24,DUOL,"Duolingo, Inc.",119.81,-16.01,-11.79,4.49B,8.346548702111678
7,7,2021-11-24,NOAH,Noah Holdings Limited,39.03,-5.04,-11.44,2.384B,25.62131693569049
8,8,2021-11-24,LMDX,LumiraDx Limited,8.63,-1.01,-10.48,2.181B,115.87485515643104
9,9,2021-11-24,DDS,"Dillard's, Inc.",377.67,-32.48,-7.92,7.785B,2.6478142293536684
10,10,2021-11-24,ROIV,Roivant Sciences Ltd.,6.99,-0.51,-6.8,4.787B,143.0615164520744
11,11,2021-11-24,HTHT,Huazhu Group Limited,44.38,-2.61,-5.55,28.406B,22.532672374943665
12,12,2021-11-24,DKS,"DICK'S Sporting Goods, Inc.",127.3,-7.25,-5.39,11.757B,7.855459544383347
13,13,2021-11-24,TV,"Grupo Televisa, S.A.B.",9.31,-0.52,-5.29,5.214B,107.41138560687432
14,14,2021-11-24,RCRUY,"Recruit Holdings Co., Ltd.",12.55,-0.64,-4.85,102.546B,79.6812749003984
15,15,2021-11-24,ARVN,"Arvinas, Inc.",78.25,-3.98,-4.84,4.137B,12.779552715654953
16,16,2021-11-24,XIACY,Xiaomi Corporation,12.4,-0.62,-4.8,63.135B,80.64516129032258
0,0,2021-11-29,NVAX,"Novavax, Inc.",193.96,-24.01,-11.02,14.665B,5.1557022066405445
1,1,2021-11-29,LTH,"Life Time Group Holdings, Inc.",19.96,-2.18,-9.85,3.853B,50.1002004008016
2,2,2021-11-29,WYNMY,"Wynn Macau, Limited",8.95,-0.86,-8.77,4.752B,111.731843575419
3,3,2021-11-29,LILM,Lilium N.V.,7.22,-0.65,-8.26,2.051B,138.50415512465375
4,4,2021-11-29,BRPHF,Galaxy Digital Holdings Ltd.,24.01,-2.15,-8.24,2.383B,41.649312786339024
5,5,2021-11-29,RLX,RLX Technology Inc.,5.07,-0.44,-7.99,7.964B,197.2386587771203
6,6,2021-11-29,ESMT,"EngageSmart, LLC",20.54,-1.75,-7.85,3.321B,48.685491723466406
7,7,2021-11-29,WB,Weibo Corporation,39.61,-3.18,-7.43,9.074B,25.246149962130776
8,8,2021-11-29,ATRC,"AtriCure, Inc.",66.0,-5.01,-7.06,3.031B,15.151515151515152
9,9,2021-11-29,MQ,"Marqeta, Inc.",20.51,-1.54,-6.98,11.078B,48.75670404680643
10,10,2021-11-29,AHCO,AdaptHealth Corp.,20.14,-1.46,-6.76,2.663B,49.65243296921549
11,11,2021-11-29,ZH,Zhihu Inc.,7.32,-0.53,-6.75,4.11B,136.61202185792348
12,12,2021-11-29,AXNX,"Axonics, Inc.",54.6,-3.91,-6.68,2.528B,18.315018315018317
13,13,2021-11-29,DDL,Dingdong (Cayman) Limited,22.42,-1.53,-6.39,5.292B,44.60303300624442
14,14,2021-11-29,DADA,Dada Nexus Limited,21.36,-1.43,-6.27,4.997B,46.81647940074907
15,15,2021-11-29,INSM,Insmed Incorporated,27.12,-1.81,-6.26,3.21B,36.87315634218289
16,16,2021-11-29,TDCX,TDCX Inc.,18.94,-1.26,-6.24,2.706B,52.798310454065465
17,17,2021-11-29,CLOV,"Clover Health Investments, Corp.",5.08,-0.33,-6.1,2.402B,196.8503937007874
18,18,2021-11-29,GTBIF,Green Thumb Industries Inc.,21.8,-1.4,-6.03,4.935B,45.87155963302752
